West Campus,West Campus Lot
Lot M & P Permit,West Campus Lot,Lot M,Lot P
General,West Campus Lot,Lot M,Lot P,Lot O,Lot A,Lot C,Lot K,Lot L,PV Lot,Rapphannock Deck
Resident Student Annual Lite,West Campus Lot,Lot M,Lot P,Lot O,Lot K
Mason Pond (Student Annual),Mason Pond Deck,Lot M,Lot P,Lot O,West Campus Lot
Shenandoah Deck (Reserved Student),Shenandoah Deck,,Lot P,Lot O,West Campus Lot
Rappahannock River Parking Deck,Rapphannock Deck,Lot M,Lot P,Lot O,West Campus Lot
Lot J,Lot J,Lot M,Lot P,Lot O,West Campus Lot
Lot I,Lot I,Lot M,Lot P,Lot O,West Campus Lot
Lot R,Lot R,Lot M,Lot P,Lot O,West Campus Lot
General Faculty/Staff Annual,Lot A,Lot C,Lot K,Lot L,PV Lot,Lot D,Lot M,Lot P,Lot O,West Campus Lot,Lot I,Lot J,Rapphannock Deck
Mason Pond F/S Annual,Mason Pond Deck,Rapphannock Deck,Lot I,Lot J,Lot A,Lot C,Lot K,Lot L,Lot M,Lot O,PV Lot,Lot P,West Campus Lot
Shenandoah F/S Annual,Shenandoah Deck,Rapphannock Deck,Lot I,Lot J,Lot A,Lot C,Lot K,Lot L,Lot M,Lot O,PV Lot,Lot P,West Campus Lot
RRPD F/S Annual,Rapphannock Deck,Lot I,Lot J,Lot A,Lot C,Lot K,Lot L,Lot M,Lot O,Lot P,PV Lot,West Campus Lot
RRPD Roof Only F/S Annual,Rapphannock Deck
